{"cameraMode":{"drawMode":0,"name":"Shaded","section":"Shading Mode"},"sceneLighting":true,"audioPlay":false,"sceneViewState":{"showFog":true,"showMaterialUpdate":true,"showSkybox":true,"showFlares":true,"showImageEffects":false,"showParticleSystems":true,"showVisualEffectGraphs":true,"m_FxEnabled":true},"in2DMode":false,"pivot":{"x":5.582509994506836,"y":0.7364917993545532,"z":0.13599056005477906},"rotation":{"x":-0.0007352831307798624,"y":0.9947459697723389,"z":-0.1021290048956871,"w":-0.00716127036139369},"size":3.6893324851989748,"orthographic":false}